{
	"format_version": "1.12.0",
	"minecraft:geometry": [
		{
			"description": {
				"identifier": "geometry.default",
				"texture_width": 256,
				"texture_height": 256,
				"visible_bounds_width": 5,
				"visible_bounds_height": 5,
				"visible_bounds_offset": [0, 1.5, 0]
			},
			"bones": [
				{
					"name": "LeftArm",
					"pivot": [3.4, 24.6, -0.25],
					"cubes": [
						{"origin": [2, 20.55, -1], "size": [2.3, 5.2, 2.3], "uv": [28, 50]},
						{"origin": [1.75, 20.55, -1.25], "size": [2.8, 3.2, 2.8], "uv": [116, 35]},
						{"origin": [1.9, 23.55, -1.05], "size": [2.55, 2.3, 2.5], "uv": [191, 9]},
						{"origin": [1.85, 23.55, -0.45], "size": [2.65, 2.25, 0.25], "uv": [4, 125]},
						{"origin": [1.85, 23.55, 0.6], "size": [2.65, 2.25, 0.25], "uv": [4, 125]},
						{"origin": [2.35, 23.55, 0.3], "size": [2.6, 2.25, 0.25], "pivot": [3.025, 24.725, 0.825], "rotation": [0, 90, 0], "uv": [4, 125]},
						{"origin": [2.35, 23.55, 1.35], "size": [2.6, 2.25, 0.25], "pivot": [3.025, 24.725, 0.825], "rotation": [0, 90, 0], "uv": [4, 125]}
					]
				},
				{
					"name": "LeftForeArm",
					"parent": "LeftArm",
					"pivot": [2.875, 20.4, -0.225],
					"cubes": [
						{"origin": [1.65, 19.85, -1.35], "size": [1.8, 0.45, 3], "uv": [112, 29]},
						{"origin": [1.63264, 19.59848, -1.35], "size": [0.8, 0.35, 3], "pivot": [1.95764, 19.77348, 0.15], "rotation": [0, 0, -22.5], "uv": [112, 27]},
						{"origin": [1.65, 20.3, -1.35], "size": [2.8, 0.45, 3], "uv": [112, 29]},
						{"origin": [1.85, 20.07586, -0.60842], "size": [2.35, 1.6, 1.6], "pivot": [3.275, 20.82586, -0.15842], "rotation": [-45, 0, 0], "uv": [24, 77]},
						{"origin": [2.025, 16.65, -0.975], "size": [2.25, 4, 2.25], "uv": [2, 51]},
						{"origin": [2.275, 17.9, -1.325], "size": [2.45, 2.75, 2.95], "uv": [4, 104]},
						{"origin": [1.675, 17.9, -1.325], "size": [0.6, 1.5, 2.95], "uv": [4, 104]},
						{"origin": [1.775, 16.65, -1.225], "size": [2.75, 2, 2.75], "uv": [1, 88]},
						{"origin": [1.44693, 19.69737, -1.475], "size": [3.5, 0.5, 3.25], "pivot": [3.19693, 19.94737, 0.15], "rotation": [0, 0, -22.5], "uv": [2, 121]},
						{"origin": [5.00938, 20.18106, 0.49659], "size": [0.15, 0.5, 1.2], "pivot": [5.08438, 20.48106, 1.09659], "rotation": [-14.60193, 11.91276, -8.68603], "uv": [117, 48]},
						{"origin": [4.78314, 20.37107, 0.39339], "size": [0.15, 0.5, 1.2], "pivot": [4.98895, 20.70263, 0.15771], "rotation": [18.38252, 11.13428, -6.26142], "uv": [117, 48]},
						{"origin": [4.81558, 20.55033, 0.48826], "size": [0.15, 0.5, 1.2], "pivot": [4.98895, 20.70263, 0.15771], "rotation": [158.42957, -4.06198, -11.62333], "uv": [117, 48]},
						{"origin": [4.81558, 20.24217, 0.9495], "size": [0.15, 0.5, 0.7], "pivot": [4.98895, 20.70263, 0.15771], "rotation": [-174.07043, -4.06198, -11.62333], "uv": [119, 50]},
						{"origin": [4.7797, 20.02686, 0.89339], "size": [0.15, 0.45, 0.7], "pivot": [4.98895, 20.70263, 0.15771], "rotation": [17.89807, 11.91276, -8.68603], "uv": [119, 50]},
						{"origin": [4.91524, 20.36791, -1.32481], "size": [0.15, 0.5, 1.2], "pivot": [4.99024, 20.51791, -0.72481], "rotation": [-166.39956, -3.79996, -14.11543], "uv": [117, 48]},
						{"origin": [4.49432, 20.29064, -0.225], "size": [0.6, 0.75, 0.75], "pivot": [4.98895, 20.70263, 0.15771], "rotation": [0, 0, -12.5], "uv": [140, 9]}
					]
				},
				{
					"name": "LeftHand",
					"parent": "LeftForeArm",
					"pivot": [3.375, 17.175, -0.225],
					"cubes": [
						{"origin": [2.075, 16.9, -1.025], "size": [2.1, 1.6, 1.5], "pivot": [-1, 16.9, -0.825], "rotation": [-45, 0, 0], "uv": [77, 1]},
						{"origin": [1.925, 14.9, -1.125], "size": [2.5, 2, 2.5], "uv": [0, 95]}
					]
				},
				{
					"name": "LeftHandLocator",
					"parent": "LeftHand",
					"pivot": [3.375, 16.175, -0.225]
				},
				{
					"name": "RightArm",
					"pivot": [-3.4, 24.6, -0.25],
					"cubes": [
						{"origin": [-4.3, 20.55, -1], "size": [2.3, 5.2, 2.3], "uv": [28, 50], "mirror": true},
						{"origin": [-4.55, 20.55, -1.25], "size": [2.8, 3.2, 2.8], "uv": [116, 35], "mirror": true},
						{"origin": [-4.95, 23.55, 0.05], "size": [2.6, 2.25, 0.25], "pivot": [-3.025, 24.725, 0.825], "rotation": [0, -90, 0], "uv": [4, 125], "mirror": true},
						{"origin": [-4.95, 23.55, 1.35], "size": [2.6, 2.25, 0.25], "pivot": [-3.025, 24.725, 0.825], "rotation": [0, -90, 0], "uv": [4, 125], "mirror": true},
						{"origin": [-4.5, 23.55, -0.55], "size": [2.65, 2.25, 0.25], "uv": [4, 125], "mirror": true},
						{"origin": [-4.5, 23.55, 0.7], "size": [2.65, 2.25, 0.25], "uv": [4, 125], "mirror": true},
						{"origin": [-4.45, 23.55, -1.05], "size": [2.55, 2.3, 2.5], "uv": [191, 9], "mirror": true}
					]
				},
				{
					"name": "RightForeArm",
					"parent": "RightArm",
					"pivot": [-2.875, 20.4, -0.225],
					"cubes": [
						{"origin": [-4.2, 20.07586, -0.60842], "size": [2.35, 1.6, 1.6], "pivot": [-3.275, 20.82586, -0.15842], "rotation": [-45, 0, 0], "uv": [24, 77], "mirror": true},
						{"origin": [-4.275, 16.65, -0.975], "size": [2.25, 4, 2.25], "uv": [2, 51], "mirror": true},
						{"origin": [-4.45, 20.3, -1.35], "size": [2.8, 0.45, 3], "uv": [112, 28], "mirror": true},
						{"origin": [-3.45, 19.85, -1.35], "size": [1.8, 0.45, 3], "uv": [112, 28], "mirror": true},
						{"origin": [-2.43264, 19.69848, -1.35], "size": [0.8, 0.35, 3], "pivot": [-1.95764, 19.77348, 0.15], "rotation": [0, 0, 22.5], "uv": [112, 27], "mirror": true},
						{"origin": [-4.94693, 19.69737, -1.475], "size": [3.6, 0.5, 3.25], "pivot": [-3.19693, 19.94737, 0.15], "rotation": [0, 0, 22.5], "uv": [2, 121], "mirror": true},
						{"origin": [-4.96558, 20.55033, 0.48826], "size": [0.15, 0.5, 1.2], "pivot": [-4.98895, 20.70263, 0.15771], "rotation": [158.42957, 4.06198, 6.62333], "uv": [117, 48], "mirror": true},
						{"origin": [-4.96558, 20.29217, 0.9495], "size": [0.15, 0.4, 0.7], "pivot": [-4.98895, 20.70263, 0.15771], "rotation": [-174.07043, 4.06198, 6.62333], "uv": [119, 50], "mirror": true},
						{"origin": [-4.96176, 20.5378, 0.4495], "size": [0.15, 0.5, 1.2], "pivot": [-4.98895, 20.70263, 0.15771], "rotation": [-168.89956, 3.79996, 9.11543], "uv": [117, 48], "mirror": true},
						{"origin": [-5.1397, 20.17358, 0.49659], "size": [0.15, 0.5, 1.2], "pivot": [-5.0647, 20.47358, 1.09659], "rotation": [-14.60193, -11.91276, 3.68603], "uv": [117, 48], "mirror": true},
						{"origin": [-4.9297, 20.02686, 0.89339], "size": [0.15, 0.45, 0.7], "pivot": [-4.98895, 20.70263, 0.15771], "rotation": [17.89807, -11.91276, 3.68603], "uv": [119, 50], "mirror": true},
						{"origin": [-5.09432, 20.29064, -0.225], "size": [0.6, 0.75, 0.75], "pivot": [-4.98895, 20.70263, 0.15771], "rotation": [0, 0, 7.5], "uv": [140, 9], "mirror": true},
						{"origin": [-4.93314, 20.37107, 0.39339], "size": [0.15, 0.5, 1.2], "pivot": [-4.98895, 20.70263, 0.15771], "rotation": [18.38252, -11.13428, 1.26142], "uv": [117, 48], "mirror": true},
						{"origin": [-4.725, 17.9, -1.325], "size": [2.45, 2.75, 2.95], "uv": [4, 104], "mirror": true},
						{"origin": [-4.525, 16.65, -1.225], "size": [2.75, 2, 2.75], "uv": [1, 88], "mirror": true},
						{"origin": [-2.275, 17.9, -1.325], "size": [0.6, 1.5, 2.95], "uv": [4, 104], "mirror": true}
					]
				},
				{
					"name": "RightHand",
					"parent": "RightForeArm",
					"pivot": [-3.375, 17.175, -0.225],
					"cubes": [
						{"origin": [-4.175, 16.9, -1.025], "size": [2.15, 1.6, 1.5], "pivot": [1, 16.9, -0.825], "rotation": [-45, 0, 0], "uv": [77, 1], "mirror": true},
						{"origin": [-4.375, 14.9, -1.075], "size": [2.5, 2, 2.5], "uv": [0, 95], "mirror": true}
					]
				},
				{
					"name": "RightHandLocator",
					"parent": "RightHand",
					"pivot": [-3.375, 16.175, -0.225]
				}
			]
		}
	]
}