{
	"format_version": "1.8.0",
	"animations": {
		"extra1": {
			"loop": "hold_on_last_frame",
			"animation_length": 0.70833,
			"bones": {
				"Root": {
					"rotation": [0, 0, 0],
					"scale": 1
				},
				"UpBody": {
					"rotation": {
						"0.0": [0, 0, 0],
						"0.0417": [-0.16, 5.95, -2.35],
						"0.0833": [-0.33, 7.49, -2.52],
						"0.125": [-0.38, 1.14, -0.01],
						"0.1667": [-0.42, -0.31, 0.2],
						"0.2083": [-0.44, -2.49, 0.04],
						"0.25": [-0.44, -1.93, -0.38],
						"0.2917": [-0.44, 2.07, -0.63],
						"0.3333": [-0.44, 5.6, -0.27],
						"0.375": [-0.44, 7.81, 0.19],
						"0.4167": [-0.44, 4.96, 0.56],
						"0.4583": [-0.44, 1.08, 0.54],
						"0.5": [-0.44, -2.1, 0.22],
						"0.5417": [-0.44, -2.03, -0.13],
						"0.5833": [-0.44, -1.77, -0.26],
						"0.625": [-0.44, -1.78, -0.23],
						"0.6667": [-0.44, -2.09, -0.02],
						"0.7083": [-0.44, -2.49, 0.04]
					},
					"position": [0, 0, 0]
				},
				"UpperBody": {
					"rotation": {
						"0.0": [0, 0, 0],
						"0.0417": [0, -0.78, 0.03],
						"0.0833": [0, -1.5, 0],
						"0.125": [-0.02, -1.63, -0.34],
						"0.1667": [-0.02, -1.54, -0.46],
						"0.2083": [-0.02, -1, -0.5],
						"0.25": [-0.01, 0.05, -0.19],
						"0.2917": [0.03, 2.3, 0.57],
						"0.3333": [0.05, 3.34, 0.94],
						"0.375": [0.05, 3.31, 0.95],
						"0.4167": [0.03, 2.11, 0.59],
						"0.4583": [0, 0.48, 0.09],
						"0.5": [-0.02, -0.77, -0.36],
						"0.5417": [-0.02, 0.83, -0.5],
						"0.5833": [-0.02, 1.73, -0.5],
						"0.625": [-0.02, 2.55, -0.5],
						"0.6667": [-0.02, 2.79, -0.5],
						"0.7083": [-0.02, 2.75, -0.5]
					},
					"position": [0, 0, 0]
				},
				"LeftArm": {
					"rotation": {
						"0.0": [0, 0, 0],
						"0.0417": [-6.78, -3.12, 10.04],
						"0.0833": [-12.25, -6.72, 17.59],
						"0.125": [-7, -8.6, 4.61],
						"0.1667": [-2.83, -10.1, 1.64],
						"0.2083": [-1.75, -10.49, -2.29],
						"0.25": [-1.22, -10.71, -2.53],
						"0.2917": [-1.95, -10.51, 0.54],
						"0.3333": [-2.56, -10.33, 2.48],
						"0.375": [-2.63, -10.3, 2.61],
						"0.4167": [-2.41, -10.35, 1.41],
						"0.4583": [-2.1, -10.41, -0.31],
						"0.5": [-1.83, -10.47, -1.82],
						"0.5417": [-1.75, -10.49, -2.79],
						"0.5833": [-1.75, -10.49, -3.39],
						"0.625": [-1.75, -10.49, -3.6],
						"0.6667": [-1.75, -10.49, -3],
						"0.7083": [-1.75, -10.49, -2.29]
					},
					"position": [0, 0, 0]
				},
				"LeftForeArm": {
					"rotation": [0, 0, 0],
					"position": [0, 0, 0]
				},
				"RightArm": {
					"rotation": {
						"0.0": [0, 0, 0],
						"0.0417": [-59.42, -21.71, 37.06],
						"0.0833": [-73.42, -8.49, 94.21],
						"0.125": [1.96, 33.61, 140.7],
						"0.1667": [31.52, 50.19, 155.44],
						"0.2083": [62.35, 75.05, 168.42],
						"0.25": [42.08, 82.58, 153.11],
						"0.2917": [-27.48, 84.07, 105.69],
						"0.3333": [-64.73, 83, 80.38],
						"0.375": [-68.61, 83.22, 76.87],
						"0.4167": [-42.81, 82.9, 92.88],
						"0.4583": [-4.45, 82.05, 117.27],
						"0.5": [29.72, 81.23, 139.09],
						"0.5417": [45.34, 80.91, 148.99],
						"0.5833": [47.85, 80.86, 150.56],
						"0.625": [46.97, 80.88, 150.01],
						"0.6667": [42.62, 80.96, 147.27],
						"0.7083": [40, 81.01, 145.63]
					},
					"position": [0, 0, 0]
				},
				"RightForeArm": {
					"rotation": {
						"0.0": [0, 0, 0],
						"0.0417": [-6.84, 0.59, -1.45],
						"0.0833": [-78.93, 1.19, -2.9],
						"0.125": [-15.64, 1.19, -2.9],
						"0.1667": [-3.19, 1.19, -2.9],
						"0.2083": [0.52, 1.19, -2.9],
						"0.25": [-5.57, 1.19, -2.9],
						"0.2917": [-2.21, 1.19, -2.9],
						"0.3333": [-8.93, 1.19, -2.9],
						"0.375": [-32.71, 1.19, -2.9],
						"0.4167": [-35.05, 1.19, -2.9],
						"0.4583": [-24.1, 1.19, -2.9],
						"0.5": [-9.18, 1.19, -2.9],
						"0.5417": [1.33, 1.19, -2.9],
						"0.5833": [5.74, 1.19, -2.9],
						"0.625": [4.48, 1.19, -2.9],
						"0.6667": [0.66, 1.19, -2.9],
						"0.7083": [-3.93, 1.19, -2.9]
					},
					"position": [0, 0, 0]
				},
				"LeftLeg": {
					"rotation": [0, 0, 0],
					"position": [0, 0, 0]
				},
				"LeftLowerLeg": {
					"rotation": [0, 0, 0],
					"position": [0, 0, 0]
				},
				"LeftFoot": {
					"rotation": [0, 0, 0],
					"position": [0, 0, 0]
				},
				"RightLeg": {
					"rotation": [0, 0, 0],
					"position": [0, 0, 0]
				},
				"RightLowerLeg": {
					"rotation": [0, 0, 0],
					"position": [0, 0, 0]
				},
				"RightFoot": {
					"rotation": [0, 0, 0],
					"position": [0, 0, 0]
				},
				"AllBody": {
					"rotation": [0, 0, 0],
					"position": [0, 0, 0],
					"scale": 1
				},
				"AllHead": {
					"rotation": [0, 0, 0],
					"position": [0, 0, 0]
				},
				"Head": {
					"rotation": {
						"0.0": [0, 0, 0],
						"0.0417": [-0.1, -4.53, 1.56],
						"0.0833": [-0.11, -7.49, 2.5],
						"0.125": [0.18, -1.07, -0.11],
						"0.1667": [0.32, 1.78, -1.23],
						"0.2083": [0.55, 5.03, -2.43],
						"0.25": [0.69, 3.63, -1.67],
						"0.2917": [0.89, -1.75, 0.88],
						"0.3333": [0.97, -4.59, 2.21],
						"0.375": [0.97, -4.68, 2.25],
						"0.4167": [0.86, -2.3, 1.1],
						"0.4583": [0.72, 1.1, -0.54],
						"0.5": [0.59, 4.11, -1.99],
						"0.5417": [0.52, 5.51, -2.66],
						"0.5833": [0.51, 5.73, -2.77],
						"0.625": [0.52, 5.65, -2.73],
						"0.6667": [0.54, 5.26, -2.54],
						"0.7083": [0.55, 5.03, -2.43]
					},
					"position": [0, 0, 0]
				}
			}
		},
		"extra2": {
			"loop": "hold_on_last_frame",
			"animation_length": 0.58333,
			"bones": {
				"Root": {
					"rotation": [0, 0, 0],
					"scale": 1
				},
				"UpBody": {
					"rotation": {
						"0.0": [0, 0, 0],
						"0.0417": [0.3, 8.79, 1.72],
						"0.0833": [0.55, 12.49, 2.56],
						"0.125": [0.29, 12.7, 2.33],
						"0.1667": [0.39, 12.49, 1.79],
						"0.2083": [0.55, 12.27, 1.88],
						"0.25": [0.55, 12.49, 2.56],
						"0.2917": [0.29, 12.7, 2.33],
						"0.3333": [0.5, 12.29, 1.54],
						"0.375": [0.46, 12.37, 2.33],
						"0.4167": [0.59, 12.6, 2.64],
						"0.4583": [0.29, 12.7, 2.33],
						"0.5": [0.5, 12.29, 1.54],
						"0.5417": [0.46, 12.37, 2.33],
						"0.5833": [0.55, 12.49, 2.56]
					},
					"position": [0, 0, 0]
				},
				"UpperBody": {
					"rotation": {
						"0.0": [0, 0, 0],
						"0.0417": [-0.01, 1.01, -0.11],
						"0.0833": [-0.02, 2.5, -0.28],
						"0.125": [-0.04, 4.31, -0.48],
						"0.1667": [-0.04, 4.5, -0.5],
						"0.2083": [-0.02, 2.53, -0.25],
						"0.25": [0, 0.5, 0],
						"0.2917": [-0.03, 3.87, -0.42],
						"0.3333": [-0.03, 3.92, -0.43],
						"0.375": [-0.01, 1.27, -0.11],
						"0.4167": [0, 0.67, 0.04],
						"0.4583": [0, 2.14, 0.01],
						"0.5": [0, 2.23, 0],
						"0.5417": [0, 0.95, 0],
						"0.5833": [0, 0.5, 0]
					},
					"position": [0, 0, 0]
				},
				"LeftArm": {
					"rotation": {
						"0.0": [0, 0, 0],
						"0.0417": [-29.65, 15.52, -22.1],
						"0.0833": [-59.37, 31.46, -44.34],
						"0.125": [-60.72, 35.04, -46.01],
						"0.1667": [-60.01, 34.88, -45.41],
						"0.2083": [-64.53, 34.38, -47.33],
						"0.25": [-67.9, 33.23, -48.59],
						"0.2917": [-61.25, 31.54, -45.2],
						"0.3333": [-58.67, 33.16, -44.41],
						"0.375": [-64.53, 34.38, -47.33],
						"0.4167": [-66.71, 32.67, -47.92],
						"0.4583": [-61.25, 31.54, -45.2],
						"0.5": [-58.67, 33.16, -44.41],
						"0.5417": [-64, 34.27, -47.07],
						"0.5833": [-67.9, 33.23, -48.59]
					},
					"position": [0, 0, 0]
				},
				"LeftForeArm": {
					"rotation": {
						"0.0": [0, 0, 0],
						"0.0417": [-29.06, 0, 0],
						"0.0833": [-57.5, 0, 0],
						"0.125": [-54.51, 0, 0],
						"0.1667": [-52.5, 0, 0],
						"0.2083": [-54.69, 0, 0],
						"0.25": [-57.5, 0, 0],
						"0.2917": [-57.97, 0, 0],
						"0.3333": [-54.69, 0, 0],
						"0.375": [-54.69, 0, 0],
						"0.4167": [-57.97, 0, 0],
						"0.4583": [-57.97, 0, 0],
						"0.5": [-54.69, 0, 0],
						"0.5417": [-54.69, 0, 0],
						"0.5833": [-57.5, 0, 0]
					},
					"position": [0, 0, 0]
				},
				"RightArm": {
					"rotation": {
						"0.0": [0, 0, 0],
						"0.0417": [-32.67, -0.72, 41.37],
						"0.0833": [-65.61, -1.08, 78.82],
						"0.125": [-68.43, 2.67, 54.34],
						"0.1667": [-67.82, 1.72, 47.4],
						"0.2083": [-71.9, -10.33, 53.83],
						"0.25": [-74.59, -20.31, 65.81],
						"0.2917": [-67.44, -5.7, 78.82],
						"0.3333": [-65.73, 2.9, 62.77],
						"0.375": [-71.9, -10.33, 53.83],
						"0.4167": [-73.2, -18.02, 70.49],
						"0.4583": [-67.44, -5.7, 78.82],
						"0.5": [-65.73, 2.9, 62.77],
						"0.5417": [-71.34, -9.12, 54.65],
						"0.5833": [-74.59, -20.31, 65.81]
					},
					"position": [0, 0, 0]
				},
				"RightForeArm": {
					"rotation": {
						"0.0": [0, 0, 0],
						"0.0417": [-37.51, -0.6, -0.16],
						"0.0833": [-75, 0, 0],
						"0.125": [-77.45, 8.37, 2.27],
						"0.1667": [-74.78, 9.66, 2.61],
						"0.2083": [-67.84, 5.43, 1.47],
						"0.25": [-62.5, 0, 0],
						"0.2917": [-72.19, -0.91, -0.24],
						"0.3333": [-76.44, 5.43, 1.47],
						"0.375": [-67.84, 5.43, 1.47],
						"0.4167": [-64.18, -0.91, -0.24],
						"0.4583": [-72.19, -0.91, -0.24],
						"0.5": [-76.44, 5.43, 1.47],
						"0.5417": [-68.63, 5.43, 1.47],
						"0.5833": [-62.5, 0, 0]
					},
					"position": [0, 0, 0]
				},
				"LeftLeg": {
					"rotation": [0, 0, 0],
					"position": [0, 0, 0]
				},
				"LeftLowerLeg": {
					"rotation": [0, 0, 0],
					"position": [0, 0, 0]
				},
				"LeftFoot": {
					"rotation": [0, 0, 0],
					"position": [0, 0, 0]
				},
				"RightLeg": {
					"rotation": [0, 0, 0],
					"position": [0, 0, 0]
				},
				"RightLowerLeg": {
					"rotation": [0, 0, 0],
					"position": [0, 0, 0]
				},
				"RightFoot": {
					"rotation": [0, 0, 0],
					"position": [0, 0, 0]
				},
				"AllBody": {
					"rotation": [0, 0, 0],
					"position": [0, 0, 0],
					"scale": 1
				},
				"AllHead": {
					"rotation": [0, 0, 0],
					"position": [0, 0, 0]
				},
				"Head": {
					"rotation": {
						"0.0": [0, 0, 0],
						"0.0417": [0.2, -6.75, -0.52],
						"0.0833": [0.4, -13.5, -1.03]
					},
					"position": [0, 0, 0]
				}
			}
		},
		"extra3": {
			"loop": "hold_on_last_frame",
			"animation_length": 0.5,
			"bones": {
				"Root": {
					"rotation": [0, 0, 0],
					"position": {
						"0.0": [0, 0, 0],
						"0.0417": [0, -0.07, 0],
						"0.0833": [0, -0.18, 0],
						"0.125": [0, -0.25, 0]
					},
					"scale": 1
				},
				"UpBody": {
					"rotation": {
						"0.0": [0, 0, 0],
						"0.0417": [-0.78, 0, 0],
						"0.0833": [-2.5, 0, 0],
						"0.125": [-8.61, 0, 0],
						"0.1667": [-10, 0, 0],
						"0.2083": [-9, 0, 0],
						"0.25": [-9.06, 0, 0],
						"0.2917": [-9.4, 0, 0],
						"0.3333": [-9.64, 0, 0],
						"0.375": [-9.91, 0, 0],
						"0.4167": [-10.04, 0, 0],
						"0.4583": [-10.01, 0, 0],
						"0.5": [-10, 0, 0]
					},
					"position": [0, 0, 0]
				},
				"UpperBody": {
					"rotation": {
						"0.0": [0, 0, 0],
						"0.0417": [-1.85, 0, 0],
						"0.0833": [-4.26, 0, 0],
						"0.125": [-3.3, 0, 0],
						"0.1667": [-0.27, 0, 0],
						"0.2083": [5, 0, 0],
						"0.25": [5.49, 0, 0],
						"0.2917": [4.41, 0, 0],
						"0.3333": [4.35, 0, 0],
						"0.375": [4.83, 0, 0],
						"0.4167": [5.05, 0, 0],
						"0.4583": [5.02, 0, 0],
						"0.5": [5, 0, 0]
					},
					"position": [0, 0, 0]
				},
				"LeftArm": {
					"rotation": {
						"0.0": [0, 0, 0],
						"0.0417": [-25.64, 0.19, -23.67],
						"0.0833": [-61.03, 0.89, -56.28],
						"0.125": [-96.21, 11.41, -87.23],
						"0.1667": [-98.7, 20.84, -88.13],
						"0.2083": [-98.56, 36.49, -85.68]
					},
					"position": [0, 0, 0]
				},
				"LeftForeArm": {
					"rotation": {
						"0.0": [0, 0, 0],
						"0.0417": [-31.11, 0, 0],
						"0.0833": [-73.89, 0, 0],
						"0.125": [-105, 0, 0]
					},
					"position": [0, 0, 0]
				},
				"RightArm": {
					"rotation": {
						"0.0": [0, 0, 0],
						"0.0417": [-24.73, -7.32, 23.19],
						"0.0833": [-58.89, -17.64, 55.13],
						"0.125": [-93.02, -32.77, 85.08],
						"0.1667": [-95.6, -38.14, 85.62],
						"0.2083": [-95.77, -45.85, 82.65]
					},
					"position": [0, 0, 0]
				},
				"RightForeArm": {
					"rotation": {
						"0.0": [0, 0, 0],
						"0.0417": [-31.3, 0, 0],
						"0.0833": [-74.26, 0, 0],
						"0.125": [-111.37, 0, 0],
						"0.1667": [-109.06, 0, 0],
						"0.2083": [-100, 0, 0]
					},
					"position": [0, 0, 0]
				},
				"LeftLeg": {
					"rotation": {
						"0.0": [0, 0, 0],
						"0.0417": [0, -1.48, -1.48],
						"0.0833": [0, -3.52, -3.52],
						"0.125": [0, -5, -5]
					},
					"position": [0, 0, 0]
				},
				"LeftLowerLeg": {
					"rotation": [0, 0, 0],
					"position": [0, 0, 0]
				},
				"LeftFoot": {
					"rotation": {
						"0.0": [0, 0, 0],
						"0.0417": [0, -1.48, 1.48],
						"0.0833": [0, -3.52, 3.52],
						"0.125": [0, -5, 5]
					},
					"position": [0, 0, 0]
				},
				"RightLeg": {
					"rotation": {
						"0.0": [0, 0, 0],
						"0.0417": [0, 1.48, 1.48],
						"0.0833": [0, 3.52, 3.52],
						"0.125": [0, 5, 5]
					},
					"position": [0, 0, 0]
				},
				"RightLowerLeg": {
					"rotation": [0, 0, 0],
					"position": [0, 0, 0]
				},
				"RightFoot": {
					"rotation": {
						"0.0": [0, 0, 0],
						"0.0417": [0, 1.48, -1.48],
						"0.0833": [0, 3.52, -3.52],
						"0.125": [0, 5, -5]
					},
					"position": [0, 0, 0]
				},
				"AllBody": {
					"rotation": [0, 0, 0],
					"position": [0, 0, 0],
					"scale": 1
				},
				"AllHead": {
					"rotation": [0, 0, 0],
					"position": [0, 0, 0]
				},
				"Head": {
					"rotation": {
						"0.0": [0, 0, 0],
						"0.0417": [1.77, 0, 0],
						"0.0833": [4.02, 0, 0],
						"0.125": [-9.86, 0, 0],
						"0.1667": [-4.92, 0, 0],
						"0.2083": [17.5, 0, 0],
						"0.25": [20.1, 0, 0],
						"0.2917": [5.32, 0, 0],
						"0.3333": [-8.93, 0, 0],
						"0.375": [5.57, 0, 0],
						"0.4167": [23.12, 0, 0],
						"0.4583": [16.37, 0, 0],
						"0.5": [5, 0, 0]
					},
					"position": [0, 0, 0]
				}
			}
		},
		"extra4": {
			"loop": "hold_on_last_frame",
			"animation_length": 0.5,
			"bones": {
				"Root": {
					"rotation": [0, 0, 0],
					"position": {
						"0.0": [0, 0, 0],
						"0.0417": [0, -0.07, 0],
						"0.0833": [0, -0.18, 0],
						"0.125": [0, -0.25, 0]
					},
					"scale": 1
				},
				"UpBody": {
					"rotation": {
						"0.0": [0, 0, 0],
						"0.0417": [-0.78, 0, 0],
						"0.0833": [-2.5, 0, 0],
						"0.125": [-8.61, 0, 0],
						"0.1667": [-10, 0, 0],
						"0.2083": [-9, 0, 0],
						"0.25": [-9.06, 0, 0],
						"0.2917": [-9.4, 0, 0],
						"0.3333": [-9.64, 0, 0],
						"0.375": [-9.91, 0, 0],
						"0.4167": [-10.04, 0, 0],
						"0.4583": [-10.01, 0, 0],
						"0.5": [-10, 0, 0]
					},
					"position": [0, 0, 0]
				},
				"UpperBody": {
					"rotation": {
						"0.0": [0, 0, 0],
						"0.0417": [-1.86, 1.08, -0.11],
						"0.0833": [-4.27, 2.49, -0.26],
						"0.125": [-3.31, 2.03, -0.41],
						"0.1667": [-0.27, 0.29, -0.42],
						"0.2083": [5.01, -2.33, -0.35],
						"0.25": [5.5, -1.55, -0.16],
						"0.2917": [4.42, 0.93, 0.2],
						"0.3333": [4.36, 0.76, 0.19],
						"0.375": [4.83, -1.46, -0.09],
						"0.4167": [5.06, -2.48, -0.23],
						"0.4583": [5.02, -2.32, -0.21],
						"0.5": [5, -2.24, -0.2]
					},
					"position": [0, 0, 0]
				},
				"LeftArm": {
					"rotation": {
						"0.0": [0, 0, 0],
						"0.0417": [-25.64, 0.19, -23.67],
						"0.0833": [-61.03, 0.89, -56.28],
						"0.125": [-96.21, 11.41, -87.23],
						"0.1667": [-98.7, 20.84, -88.13],
						"0.2083": [-98.56, 36.49, -85.68]
					},
					"position": [0, 0, 0]
				},
				"LeftForeArm": {
					"rotation": {
						"0.0": [0, 0, 0],
						"0.0417": [-31.11, 0, 0],
						"0.0833": [-73.89, 0, 0],
						"0.125": [-105, 0, 0]
					},
					"position": [0, 0, 0]
				},
				"RightArm": {
					"rotation": {
						"0.0": [0, 0, 0],
						"0.0417": [-24.73, -7.32, 23.19],
						"0.0833": [-58.89, -17.64, 55.13],
						"0.125": [-93.02, -32.77, 85.08],
						"0.1667": [-95.6, -38.14, 85.62],
						"0.2083": [-95.77, -45.85, 82.65]
					},
					"position": [0, 0, 0]
				},
				"RightForeArm": {
					"rotation": {
						"0.0": [0, 0, 0],
						"0.0417": [-31.3, 0, 0],
						"0.0833": [-74.26, 0, 0],
						"0.125": [-111.37, 0, 0],
						"0.1667": [-109.06, 0, 0],
						"0.2083": [-100, 0, 0]
					},
					"position": [0, 0, 0]
				},
				"LeftLeg": {
					"rotation": {
						"0.0": [0, 0, 0],
						"0.0417": [0, -1.48, -1.48],
						"0.0833": [0, -3.52, -3.52],
						"0.125": [0, -5, -5]
					},
					"position": [0, 0, 0]
				},
				"LeftLowerLeg": {
					"rotation": [0, 0, 0],
					"position": [0, 0, 0]
				},
				"LeftFoot": {
					"rotation": {
						"0.0": [0, 0, 0],
						"0.0417": [0, -1.48, 1.48],
						"0.0833": [0, -3.52, 3.52],
						"0.125": [0, -5, 5]
					},
					"position": [0, 0, 0]
				},
				"RightLeg": {
					"rotation": {
						"0.0": [0, 0, 0],
						"0.0417": [0, 1.48, 1.48],
						"0.0833": [0, 3.52, 3.52],
						"0.125": [0, 5, 5]
					},
					"position": [0, 0, 0]
				},
				"RightLowerLeg": {
					"rotation": [0, 0, 0],
					"position": [0, 0, 0]
				},
				"RightFoot": {
					"rotation": {
						"0.0": [0, 0, 0],
						"0.0417": [0, 1.48, -1.48],
						"0.0833": [0, 3.52, -3.52],
						"0.125": [0, 5, -5]
					},
					"position": [0, 0, 0]
				},
				"AllBody": {
					"rotation": [0, 0, 0],
					"position": [0, 0, 0],
					"scale": 1
				},
				"AllHead": {
					"rotation": [0, 0, 0],
					"position": [0, 0, 0]
				},
				"Head": {
					"rotation": {
						"0.0": [0, 0, 0],
						"0.0417": [12.5, 0, 0],
						"0.0833": [12.79, 13.52, 3.54],
						"0.125": [13.08, 8.24, 2.94],
						"0.1667": [13.03, -0.17, 1.84],
						"0.2083": [12.56, -10.02, -0.08],
						"0.25": [12.5, 0, 0],
						"0.2917": [13.07, 21.7, 4.21],
						"0.3333": [13.07, 11.74, 2.62],
						"0.375": [12.63, -3.38, -1.04],
						"0.4167": [12.6, -9.42, -1.83],
						"0.4583": [12.61, -8.88, -1.8],
						"0.5": [12.6, -7.32, -1.63]
					},
					"position": [0, 0, 0]
				}
			}
		},
		"extra6": {
			"loop": true,
			"bones": {
				"LeftEyebrow": {
					"rotation": [0, 0, -5]
				},
				"RightEyebrow": {
					"rotation": [0, 0, 2.5]
				},
				"Mouth4": {
					"position": [0, 0, -1],
					"scale": [0.8, 0.8, 1]
				},
				"LeftArm": {
					"rotation": [0, 0, -42.5]
				},
				"LeftForeArm": {
					"rotation": [0, 90, 97.5]
				},
				"RightArm": {
					"rotation": [0, 0, 42.5]
				},
				"RightForeArm": {
					"rotation": [0, -90, -97.5]
				},
				"LeftLeg": {
					"rotation": [0, 0, -7.5]
				},
				"LeftSole": {
					"rotation": [0, 0, 5]
				},
				"RightLeg": {
					"rotation": [0, 0, 7.5]
				},
				"RightFoot": {
					"rotation": [0, 0, -5]
				}
			}
		},
		"extra7": {
			"loop": true,
			"bones": {
				"Root": {
					"rotation": [0, 0, 0],
					"position": [0, -13, 0],
					"scale": 1
				},
				"UpBody": {
					"rotation": [10, 0, 0]
				},
				"LeftArm": {
					"rotation": [-55.71865, 20.29348, 9.92926]
				},
				"LeftForeArm": {
					"rotation": [-20, 0, 0]
				},
				"RightArm": {
					"rotation": [-53.65532, -23.78907, -10.19998]
				},
				"RightForeArm": {
					"rotation": [-22.5, 0, 0]
				},
				"LeftLeg": {
					"rotation": [-90, -2.5, 0]
				},
				"LeftLowerLeg": {
					"rotation": [5, 0, 0]
				},
				"RightLeg": {
					"rotation": [-90, 2.5, 0]
				},
				"RightLowerLeg": {
					"rotation": [5, 0, 0]
				},
				"AllBody": {
					"rotation": [0, 0, 0],
					"position": [0, 1, 0],
					"scale": 1
				},
				"AllHead": {
					"rotation": [0, 0, 0],
					"position": [0, 0, 0]
				},
				"BackHair": {
					"rotation": [14.91, 0, 0]
				},
				"bone20": {
					"rotation": [-72.03109, 26.75179, -8.65494]
				},
				"bone17": {
					"rotation": [-80.45045, -24.48962, 23.69546]
				},
				"bone16": {
					"rotation": [-75, 0, 0]
				},
				"bone39": {
					"rotation": [22.5, 0, 0]
				},
				"bone38": {
					"rotation": [17.5, 0, 0]
				},
				"bone42": {
					"rotation": [-94.29464, 77.40025, -85.09956],
					"position": [-3, 9, -15]
				}
			}
		}
	},
	"geckolib_format_version": 2
}